{"cameraMode":{"drawMode":0,"name":"Shaded","section":"Shading Mode"},"sceneLighting":true,"audioPlay":false,"sceneViewState":{"m_AlwaysRefresh":false,"showFog":true,"showSkybox":true,"showFlares":true,"showImageEffects":true,"showParticleSystems":true,"showVisualEffectGraphs":true,"m_FxEnabled":true},"in2DMode":false,"pivot":{"x":4.65238094329834,"y":1.5555171966552735,"z":0.42183324694633486},"rotation":{"x":0.06415024399757385,"y":-0.02365545742213726,"z":0.0015194587176665664,"w":0.9976952075958252},"size":9.160460472106934,"orthographic":false}