{"cameraMode":{"drawMode":0,"name":"Shaded","section":"Shading Mode"},"sceneLighting":true,"audioPlay":false,"sceneViewState":{"m_AlwaysRefresh":false,"showFog":true,"showSkybox":true,"showFlares":true,"showImageEffects":true,"showParticleSystems":true,"showVisualEffectGraphs":true,"m_FxEnabled":true},"in2DMode":false,"pivot":{"x":1.2453672885894776,"y":-1.4125149250030518,"z":0.6323404312133789},"rotation":{"x":0.07670045644044876,"y":-0.025123069062829019,"z":0.001933393650688231,"w":0.9967399835586548},"size":6.954433917999268,"orthographic":false}