{"cameraMode":{"drawMode":0,"name":"Shaded","section":"Shading Mode"},"sceneLighting":true,"audioPlay":false,"sceneViewState":{"m_AlwaysRefresh":false,"showFog":true,"showSkybox":true,"showFlares":true,"showImageEffects":true,"showParticleSystems":true,"showVisualEffectGraphs":true,"m_FxEnabled":true},"in2DMode":false,"pivot":{"x":0.8085296750068665,"y":-0.36613088846206667,"z":0.24956390261650086},"rotation":{"x":0.043182939291000369,"y":-0.013187283650040627,"z":0.0005701293703168631,"w":0.9989839792251587},"size":6.587111473083496,"orthographic":false}