{"cameraMode":{"drawMode":0,"name":"Shaded","section":"Shading Mode"},"sceneLighting":true,"audioPlay":false,"sceneViewState":{"m_AlwaysRefresh":false,"showFog":true,"showSkybox":true,"showFlares":true,"showImageEffects":true,"showParticleSystems":true,"showVisualEffectGraphs":true,"m_FxEnabled":true},"in2DMode":false,"pivot":{"x":-0.9890257716178894,"y":0.4492636024951935,"z":0.5038444399833679},"rotation":{"x":0.051549628376960757,"y":0.03355024382472038,"z":-0.0017334063304588199,"w":0.9981369972229004},"size":8.489912033081055,"orthographic":true}