{"cameraMode":{"drawMode":0,"name":"Shaded","section":"Shading Mode"},"sceneLighting":true,"audioPlay":false,"sceneViewState":{"m_AlwaysRefresh":false,"showFog":true,"showSkybox":true,"showFlares":true,"showImageEffects":true,"showParticleSystems":true,"showVisualEffectGraphs":true,"m_FxEnabled":true},"in2DMode":false,"pivot":{"x":607.1488037109375,"y":309.0382080078125,"z":-4.292351245880127},"rotation":{"x":-0.029995879158377649,"y":-0.0023988564498722555,"z":-0.00007039622869342566,"w":0.9995625019073486},"size":148.94931030273438,"orthographic":true}