{"cameraMode":{"drawMode":0,"name":"Shaded","section":"Shading Mode"},"sceneLighting":true,"audioPlay":false,"sceneViewState":{"m_AlwaysRefresh":false,"showFog":true,"showSkybox":true,"showFlares":true,"showImageEffects":true,"showParticleSystems":true,"showVisualEffectGraphs":true,"m_FxEnabled":true},"in2DMode":false,"pivot":{"x":-0.2297213077545166,"y":-2.182847499847412,"z":5.278105735778809},"rotation":{"x":0.05697867274284363,"y":-0.009290755726397038,"z":0.0005270573310554028,"w":0.9983667135238648},"size":7.606430530548096,"orthographic":false}