{"cameraMode":{"drawMode":0,"name":"Shaded","section":"Shading Mode"},"sceneLighting":true,"audioPlay":false,"sceneViewState":{"m_AlwaysRefresh":false,"showFog":true,"showSkybox":true,"showFlares":true,"showImageEffects":true,"showParticleSystems":true,"showVisualEffectGraphs":true,"m_FxEnabled":true},"in2DMode":false,"pivot":{"x":5.303456783294678,"y":1.7361973524093629,"z":-7.305426597595215},"rotation":{"x":0.01923215389251709,"y":-0.23970991373062135,"z":0.004747672472149134,"w":0.9706833362579346},"size":1.4051302671432496,"orthographic":false}