{"cameraMode":{"drawMode":0,"name":"Shaded","section":"Shading Mode"},"sceneLighting":true,"audioPlay":false,"sceneViewState":{"m_AlwaysRefresh":false,"showFog":true,"showSkybox":true,"showFlares":true,"showImageEffects":true,"showParticleSystems":true,"showVisualEffectGraphs":true,"m_FxEnabled":true},"in2DMode":false,"pivot":{"x":0.12515872716903687,"y":-0.47025299072265627,"z":-0.060964327305555347},"rotation":{"x":0.010188804939389229,"y":0.017696687951683999,"z":0.00018138975428882986,"w":-0.9998674392700195},"size":5.954905033111572,"orthographic":true}