{"cameraMode":{"drawMode":0,"name":"Shaded","section":"Shading Mode"},"sceneLighting":true,"audioPlay":false,"sceneViewState":{"m_AlwaysRefresh":false,"showFog":true,"showSkybox":true,"showFlares":true,"showImageEffects":true,"showParticleSystems":true,"showVisualEffectGraphs":true,"m_FxEnabled":true},"in2DMode":false,"pivot":{"x":0.4920377731323242,"y":-0.04201454296708107,"z":-0.03747906535863876},"rotation":{"x":0.051549628376960757,"y":0.03355024382472038,"z":-0.0017334063304588199,"w":0.9981369972229004},"size":5.740236759185791,"orthographic":true}