{"cameraMode":{"drawMode":0,"name":"Shaded","section":"Shading Mode"},"sceneLighting":true,"audioPlay":false,"sceneViewState":{"m_AlwaysRefresh":false,"showFog":true,"showSkybox":true,"showFlares":true,"showImageEffects":true,"showParticleSystems":true,"showVisualEffectGraphs":true,"m_FxEnabled":true},"in2DMode":false,"pivot":{"x":-1.0183440446853638,"y":0.43674567341804507,"z":0.11386849731206894},"rotation":{"x":0.051549628376960757,"y":0.03355024382472038,"z":-0.0017334063304588199,"w":0.9981369972229004},"size":6.754120826721191,"orthographic":true}