{"cameraMode":{"drawMode":0,"name":"Shaded","section":"Shading Mode"},"sceneLighting":true,"audioPlay":false,"sceneViewState":{"m_AlwaysRefresh":false,"showFog":true,"showSkybox":true,"showFlares":true,"showImageEffects":true,"showParticleSystems":true,"showVisualEffectGraphs":true,"m_FxEnabled":true},"in2DMode":false,"pivot":{"x":0.4806870222091675,"y":-1.377891182899475,"z":1.3246783018112183},"rotation":{"x":0.040778812021017078,"y":-0.022779228165745736,"z":0.0009297184296883643,"w":0.9989225268363953},"size":10.901320457458496,"orthographic":false}