{"cameraMode":{"drawMode":0,"name":"Shaded","section":"Shading Mode"},"sceneLighting":true,"audioPlay":false,"sceneViewState":{"m_AlwaysRefresh":false,"showFog":true,"showSkybox":true,"showFlares":true,"showImageEffects":true,"showParticleSystems":true,"showVisualEffectGraphs":true,"m_FxEnabled":true},"in2DMode":false,"pivot":{"x":-1.7791237831115723,"y":1.5863823890686036,"z":0.2844051718711853},"rotation":{"x":0.051549628376960757,"y":0.03355024382472038,"z":-0.0017334063304588199,"w":0.9981369972229004},"size":6.754120826721191,"orthographic":true}