{"cameraMode":{"drawMode":0,"name":"Shaded","section":"Shading Mode"},"sceneLighting":true,"audioPlay":false,"sceneViewState":{"m_AlwaysRefresh":false,"showFog":true,"showSkybox":true,"showFlares":true,"showImageEffects":true,"showParticleSystems":true,"showVisualEffectGraphs":true,"m_FxEnabled":true},"in2DMode":false,"pivot":{"x":-2.8098196983337404,"y":0.9910569190979004,"z":0.1876412332057953},"rotation":{"x":0.02639545314013958,"y":-0.013194979168474675,"z":0.00034821557346731424,"w":0.9995941519737244},"size":7.265721797943115,"orthographic":true}