{"cameraMode":{"drawMode":0,"name":"Shaded","section":"Shading Mode"},"sceneLighting":true,"audioPlay":false,"sceneViewState":{"m_AlwaysRefresh":false,"showFog":true,"showSkybox":true,"showFlares":true,"showImageEffects":true,"showParticleSystems":true,"showVisualEffectGraphs":true,"m_FxEnabled":true},"in2DMode":false,"pivot":{"x":469.5793151855469,"y":244.124755859375,"z":-76.2234878540039},"rotation":{"x":0.009010212495923043,"y":-0.006905223708599806,"z":0.000059326219343347475,"w":0.9999962449073792},"size":290.14251708984377,"orthographic":true}