{"cameraMode":{"drawMode":0,"name":"Shaded","section":"Shading Mode"},"sceneLighting":true,"audioPlay":false,"sceneViewState":{"m_AlwaysRefresh":false,"showFog":true,"showSkybox":true,"showFlares":true,"showImageEffects":true,"showParticleSystems":true,"showVisualEffectGraphs":true,"m_FxEnabled":true},"in2DMode":false,"pivot":{"x":1.4462519884109498,"y":0.8441476821899414,"z":-0.04376840591430664},"rotation":{"x":-0.029995879158377649,"y":-0.0023988564498722555,"z":-0.00007039622869342566,"w":0.9995625019073486},"size":6.1575188636779789,"orthographic":true}