{"cameraMode":{"drawMode":0,"name":"Shaded","section":"Shading Mode"},"sceneLighting":true,"audioPlay":false,"sceneViewState":{"m_AlwaysRefresh":false,"showFog":true,"showSkybox":true,"showFlares":true,"showImageEffects":true,"showParticleSystems":true,"showVisualEffectGraphs":true,"m_FxEnabled":true},"in2DMode":false,"pivot":{"x":399.60675048828127,"y":184.59275817871095,"z":-79.88204193115235},"rotation":{"x":0.04020078852772713,"y":-0.0033032135106623174,"z":0.00013338352437131107,"w":0.9992315173149109},"size":217.82252502441407,"orthographic":false}