{"cameraMode":{"drawMode":0,"name":"Shaded","section":"Shading Mode"},"sceneLighting":true,"audioPlay":false,"sceneViewState":{"m_AlwaysRefresh":false,"showFog":true,"showSkybox":true,"showFlares":true,"showImageEffects":true,"showParticleSystems":true,"showVisualEffectGraphs":true,"m_FxEnabled":true},"in2DMode":false,"pivot":{"x":411.9941101074219,"y":206.8341522216797,"z":1.0879557132720948},"rotation":{"x":0.02879602462053299,"y":0.00119949656073004,"z":-0.00003455209662206471,"w":0.9995856285095215},"size":255.834228515625,"orthographic":false}