{"cameraMode":{"drawMode":0,"name":"Shaded","section":"Shading Mode"},"sceneLighting":true,"audioPlay":false,"sceneViewState":{"m_AlwaysRefresh":false,"showFog":true,"showSkybox":true,"showFlares":true,"showImageEffects":true,"showParticleSystems":true,"showVisualEffectGraphs":true,"m_FxEnabled":true},"in2DMode":false,"pivot":{"x":444.3537902832031,"y":251.3126678466797,"z":50.368255615234378},"rotation":{"x":0.02220914140343666,"y":0.00029424644890241325,"z":-0.000008458008778688964,"w":0.9997961521148682},"size":234.8015899658203,"orthographic":false}