{"cameraMode":{"drawMode":0,"name":"Shaded","section":"Shading Mode"},"sceneLighting":true,"audioPlay":false,"sceneViewState":{"m_AlwaysRefresh":false,"showFog":true,"showSkybox":true,"showFlares":true,"showImageEffects":true,"showParticleSystems":true,"showVisualEffectGraphs":true,"m_FxEnabled":true},"in2DMode":false,"pivot":{"x":0.12598676979541779,"y":-0.2984641194343567,"z":-3.849804401397705},"rotation":{"x":0.08987689763307572,"y":-0.007170272059738636,"z":0.0006480209995061159,"w":0.9959335923194885},"size":4.9691033363342289,"orthographic":false}