{"cameraMode":{"drawMode":0,"name":"Shaded","section":"Shading Mode"},"sceneLighting":true,"audioPlay":false,"sceneViewState":{"m_AlwaysRefresh":false,"showFog":true,"showSkybox":true,"showFlares":true,"showImageEffects":true,"showParticleSystems":true,"showVisualEffectGraphs":true,"m_FxEnabled":true},"in2DMode":false,"pivot":{"x":-7.056727409362793,"y":0.8517801761627197,"z":0.0681387409567833},"rotation":{"x":0.02639545314013958,"y":-0.013194979168474675,"z":0.00034821557346731424,"w":0.9995941519737244},"size":6.906572341918945,"orthographic":true}