{"cameraMode":{"drawMode":0,"name":"Shaded","section":"Shading Mode"},"sceneLighting":true,"audioPlay":false,"sceneViewState":{"m_AlwaysRefresh":false,"showFog":true,"showSkybox":true,"showFlares":true,"showImageEffects":true,"showParticleSystems":true,"showVisualEffectGraphs":true,"m_FxEnabled":true},"in2DMode":false,"pivot":{"x":-1.157042384147644,"y":-0.13983657956123353,"z":-0.04570258408784866},"rotation":{"x":0.01919906586408615,"y":-0.0011996725806966425,"z":0.00002330505958525464,"w":0.9998258352279663},"size":6.2718071937561039,"orthographic":false}